id,url,title,publication,published_at,created_at
013fa4b8-03c1-43cb-ab3c-a30160f1519b,https://ground.news/article/university-transitioning-507-research-corporation-employees-dominion-post,WVU Research Corp. employees to move to WVU payroll,WBOY,,2025-09-09T13:21:44Z
051ea8a7-a7a7-414e-acae-b48c5fe96195,https://www.uscannenbergmedia.com/2025/08/08/usc-keck-medicine-and-school-of-medicine-lay-off-89-employees/,USC Keck Medicine and School of Medicine lay off 89 employees,USC Annenberg Media,,2025-08-10T00:38:43Z
08f16ae2-e8f3-451f-a1e0-a1e5c76fbe9c,https://www.klkntv.com/nebraska-wesleyan-university-eliminates-positions-amid-rising-costs-declining-enrollment/,"Nebraska Wesleyan University eliminates positions amid rising costs, declining enrollment",KLKN-TV,,2025-10-12T16:20:01Z
0957b0a1-c327-4ac3-b37d-56b77620f579,https://wkzo.com/2025/08/01/820776/,MSU Extension to cut up to a quarter of its staff,WKZO,,2025-08-11T16:45:27Z
1232d732-84c9-4d8a-aa97-0b6db52ed68c,https://signalcleveland.org/tri-c-cut-30-programs-comply-senate-bill-1/,Tri-C to cut 30 programs to comply with Senate Bill 1,Signal Cleveland,,2025-09-04T23:15:41Z
193a7313-80fd-4140-806e-9e3d33d519c8,https://berkeleybeacon.com/emerson-lays-off-5-of-staff-due-to-budget-reductions-offers-benefits-for-those-who-voluntarily-resign/,"5% of Emerson staff laid off, college says",The Berkeley Beacon,,2025-08-24T19:16:06Z
1bcd1d9e-74eb-4086-a424-f97b94b46dd3,https://www.theassemblync.com/education/higher-education/st-andrews-laurinburg-nc-remains/,What Remains of St. Andrews,The Assembly NC,,2025-08-02T03:15:28Z
1d570e0f-2511-4ddc-9eab-001ae13d8dee,https://abc3340.com/news/local/university-of-montevallo-faces-8-million-budget-shortfall-raises-tuition,"University of Montevallo faces $8 million budget shortfall, raises tuition",ABC 33/40,,2025-07-20T16:27:58Z
2340d822-e8fa-4bc5-895d-fb9d4f46541d,https://stormininnorman.com/oklahoma-sooners-already-pays-price-for-athlete-revenue-sharing-with-early-layoffs-ncaa-nil-joe-castiglione,"Oklahoma already pays the price for athlete revenue sharing with early layoffs, NCAA NIL, Joe Castiglione",Stormin In Norman,,2025-09-02T13:24:36Z
26c68f3b-e4b9-4aec-9afa-df633c63a2d0,https://msutoday.msu.edu/news/2025/budget-updates-from-president-guskiewicz-oct,Budget updates from President Guskiewicz,MSUToday,,2025-10-23T16:20:19Z
33b1a9be-1a33-4287-80fc-3f36fe4427cc,https://www.highereddive.com/news/penn-state-commonwealth-leadership-restructure-buyouts/718753/,Penn State to pare down commonwealth leadership after buyout offers,HigherEdDive,,2025-07-10T19:16:48Z
35f47036-31a2-43b1-95a2-0b4609bdce6f,https://www.actionnews5.com/2025/12/17/christian-brothers-university-announces-faculty-layoffs/,Christian Brothers University announces faculty layoffs,Action News 5,,2025-12-19T03:51:06Z
3ddc4ae1-dc66-4f31-a03b-2d905d11e688,https://www.highereddive.com/news/boston-university-staff-layoffs-120-budget-federal-funding/752499/,Boston University to lay off 120 staffers amid budget challenges,Higher Ed Dive,,2025-07-10T17:54:54Z
4b7c7e0b-36aa-40ad-8cda-a414e96ff80c,https://universitybusiness.com/tracking-college-closings-in-higher-ed-2025/,Tracking college closings in higher ed 2025,University Business,,2025-07-18T12:47:07Z
55f247c2-055d-431f-976d-1ef52a3cbed8,https://www.cbsnews.com/baltimore/news/federal-funding-cuts-dei-maryland-universities/,"University of Maryland, Baltimore to lay off employees amid federal funding cuts",CBS Baltimore,,2025-09-25T18:57:06Z
5761cb6b-a1ad-42a5-a6a6-c48c3782e7be,https://wcti12.com/news/local/title-09-12-2025,ECU announces $25M budget cut initiative to adapt to changing enrollment trends,WCTI12,,2025-09-18T19:30:30Z
61ef1d65-b349-4b24-87bd-467c667552ae,https://www.campusreform.org/article/university-north-alabama-shutters-lgbt-center/28575,University of North Alabama shutters LGBT center,Campus Reform,,2025-09-09T13:57:20Z
6574b3f4-22bd-448b-a9ce-cf4803cc01ab,https://www.dallasnews.com/sports/other-schools/2025/07/30/ut-dallas-cuts-track-and-cross-country-programs-citing-budget-and-facility-constraints/,"UT Dallas cuts track and cross country programs, citing budget and facility constraints",The Dallas Morning News,,2025-07-30T19:25:09Z
65d0b166-4420-448c-bcb6-10544a7891bc,https://www.highereddive.com/news/bacone-college-shut-down-after-145-years-what-went-wrong/752742/,Bacone College shut down after 145 years. What went wrong?,Higher Ed Dive,,2025-07-22T02:56:24Z
66e4b0b5-00e9-4180-b574-280db4e95f55,https://www.universityherald.com/articles/79750/20250829/university-chicago-cut-100m-lay-off-400-employees-amid-federal-policy-shifts.htm,"University of Chicago to Cut $100M, Lay Off 400 Employees Amid Federal Policy Shifts",University Herald,,2025-09-02T13:39:01Z
6ab57a21-91c2-488d-b02f-9419b71306b8,https://www.uscannenbergmedia.com/2025/10/03/at-least-55-more-employees-let-go-usc-reports-692-total-layoffs-as-deficit-reductions-continue/,"At least 55 more employees let go, USC reports 692 total layoffs as deficit reductions continue",USC Annenberg Media,,2025-10-05T15:47:35Z
761e2ab2-739c-463a-a926-409a2879206c,https://ipmnewsroom.org/usaid-funding-freeze-halts-food-security-and-ag-research-at-midwest-university-labs/,USAID funding freeze halts food security and ag research at Midwest university labs,IPM Newsroom,,2025-09-02T14:37:39Z
7628cfa9-f6c0-40c5-b94e-2049c4784554,https://dailyvoice.com/pa/lancaster/franklin-marshall-college-to-lay-off-workers-in-april-2025/,Franklin & Marshall College To Lay Off Workers In April 2025,Daily Voice,,2025-09-02T15:28:32Z
77d4dd7c-05b0-414a-91b0-2c72d0cb7047,https://uupinfo.org/communications/releases/250904.php,"UUP calls for state commitment, investment in SUNY ESF",United University Professions,,2025-10-12T16:36:04Z
81aa2df9-e6a1-45f7-ade4-ab237f3ea0fc,https://etownian.com/main/news/campus-community-responds-to-cuts/,Campus Community Responds to Cuts,The Etownian,,2025-07-10T20:36:16Z
858a6fba-93b5-47c8-8523-689a536027a6,https://www.kivitv.com/canyon-county/college-of-idaho-cuts-three-majors-lays-off-10-employees-in-academic-restructuring,"Theater, Debate And Philosophy Dropped In College Of Idaho Cuts",Idaho6 News,,2025-12-16T19:14:58Z
9589f085-f3e8-4f62-b95e-369f735f3f8e,https://www.thecollegefix.com/wake-forest-university-closes-dei-office/,Wake Forest University closes DEI office,The College Fix,,2025-08-15T04:05:42Z
95e799b9-3750-44f8-89f0-778699e65cf8,https://www.ndtv.com/world-news/harvard-university-to-lay-off-school-staff-amid-enormous-pressure-9430297,Harvard University To Lay Off School Staff Amid 'Enormous' Pressure,NDTV,,2025-10-12T16:44:08Z
9ae6824d-032e-4da1-95da-76505060fa19,https://www.threads.com/@13abc/post/DNZQKFwK_vm/bowling-green-state-university-will-no-longer-offer-the-world-language-education,"Bowling Green State University will no longer offer the World Language Education major to new students, due to low enrollment",13abc Action News,,2025-08-17T00:01:59Z
9c586dc3-ff6a-404d-a974-647ca51adc70,https://www.espn.com/college-sports/story/_/id/43497574/indiana-lays-25-revenue-sharing-nears,Reports: Indiana lays off 25 as revenue sharing nears,ESPN,,2025-09-02T14:27:57Z
a088ca8a-ef0a-4693-b8b1-f671e36f043e,https://www.nbcnews.com/news/us-news/columbia-university-cuts-180-staffers-funded-federal-grants-revoked-tr-rcna205080,Columbia University cuts 180 staffers funded by federal grants revoked by Trump administration,NBC News,,2025-07-14T16:15:22Z
a49b9eb9-ec4d-42d0-9c2b-a994a689aa53,https://afrotech.com/duke-university-closes-graduate-support-program-dei-office,"Duke University School Of Medicine Abruptly Shutters Graduate Support Program, DEI Office",afrotech.com,,2025-09-25T19:56:42Z
a76f735c-18e3-416a-b492-e610935db720,https://www.kqed.org/news/12002172/stanford-sparks-literary-backlash-by-phasing-out-creative-writing-lecturers-jobs,Stanford Sparks Literary Backlash by Phasing Out Creative Writing Lecturers' Jobs,KQED,,2025-07-10T19:52:12Z
a7996852-4ebb-45af-bd23-52f2e89fbe4c,https://www.highereddive.com/news/tennessee-state-university-emergency-funding-staff-cuts-hbcu/733267/,Tennessee State stayed afloat thanks to a $43M injection ...,Higher Ed Dive,,2025-07-10T20:22:05Z
b2c70d98-fd88-4b6a-b0c3-e4fdcef2c86d,https://www.plansponsor.com/university-of-wisconsins-retirement-research-center-closes/,University of Wisconsin's Retirement Research Center Closes,Plan Sponsor,,2025-08-08T22:26:06Z
b3bed39d-806a-4aa0-be41-8fde9304d396,https://www.wpr.org/news/uw-platteville-baraboo-sauk-county-campus-closing,"Citing declining enrollment, UW-Platteville will shutter Baraboo Sauk County campus",Wisconsin Public Radio,,2025-10-20T02:14:21Z
b5ed19ca-239c-427e-871d-7f7d46f31067,https://www.publishersweekly.com/pw/by-topic/industry-news/publisher-news/article/98513-amid-plans-to-shutter-press-aupresses-stands-up-to-bucknell-university.html,"Amid Plans to Shutter Press, AUPresses Stands Up to Bucknell University",Publishers Weekly,,2025-10-12T16:02:15Z
b6494eca-9644-4212-ac61-a0f701cf0cfd,https://www.dailyprincetonian.com/article/2025/08/princeton-news-adpol-university-discontinues-wintersession-in-wake-of-recent-budget-cuts,"U. discontinues Wintersession, citing budget constraints",The Daily Princetonian,,2025-08-15T18:12:07Z
b7ef2c0f-2234-4a07-af81-bdcf5acb4574,https://www.youtube.com/watch?v=Fnkr48w8R8s,OLLU budget cuts end 16 degree programs,KSAT,,2025-09-04T22:12:32Z
bd5af53f-ec6d-41de-bb91-43cca3296233,https://www.kiro7.com/news/local/hundreds-cornish-college-arts-employees-receive-layoff-notices/JFFK6CUWKZB5BBW45S4L23RVC4/,Hundreds of Cornish College of the Arts employees receive layoff notices,KIRO7,,2025-09-02T15:25:48Z
c0f662c1-e671-4779-bce1-e6acdc7739cc,https://www.marshallindependent.com/news/local-news/2025/07/federal-cuts-eliminate-extension-nutrition-program/,Federal cuts eliminate Extension nutrition program,Marshall Independent,,2025-07-18T12:47:07Z
c78467be-d48b-4ccf-9f88-fa8897e2ae12,https://www.basedinlafayette.com/p/heres-what-purdue-degree-programs,Here's what Purdue degree programs are going away to satisfy new state law,Based in Lafayette,,2025-07-10T02:36:05Z
cb1158ff-ee80-419e-b39a-5b3e678b32c7,https://ejewishphilanthropy.com/brandeis-university-to-cut-60-positions-restructure-schools-as-its-faces-financial-challenges/,"Brandeis University to cut 60 positions, restructure schools as its faces financial challenges",eJewishPhilanthropy,,2025-09-02T13:47:29Z
ce98e80c-bf39-49dd-a798-449eabe8ea55,https://clevelandstater.com/news/news/csu-axes-20-programs-suspends-22-others,"CSU axes 20 programs, suspends 22 others",Cleveland Stater,,2025-10-03T19:52:47Z
d5aee46c-552f-429f-bbe1-14fb60ad3193,https://www.maine.gov/dhhs/blog/federal-budget-reconciliation-law-now-effect-impacts-mainecare-snap-covermegov-2025-07-11,Federal Budget Reconciliation Law Now in Effect,Maine.gov,,2025-09-09T13:38:47Z
da864ed2-a156-41e7-8d7a-e8625166dc60,https://rutgersaaup.org/action-requested-help-us-protest-the-cuts-in-the-writing-program/,Help Us Protest the Cuts in the New Brunswick Writing Program!,Rutgers AAUP-AFT,,2025-09-02T13:02:54Z
ebb72100-aa32-4b5e-95fa-c79f62832e78,https://www.wbir.com/video/news/local/downtown-ut/ut-ends-agreement-with-china-scholarship-council-after-receiving-letter-from-trump-administration/51-a6f49111-9d1d-46ac-af88-2c552de3b924,UT ends agreement with China Scholarship Council after receiving letter from Trump administration,WBIR,,2025-07-18T12:36:47Z
f682c5cc-6820-4d8b-8f76-87861e1d3ede,https://theberkshireedge.com/bard-college-at-simons-rock-to-lay-off-116-employees/,Bard College at Simon's Rock to lay off 116 employees,The Berkshire Edge,,2025-07-18T21:04:41Z
fc5347e9-1ca3-4f4d-a083-c23c9ca15d04,https://www.wsfa.com/2025/02/28/layoffs-confirmed-tuskegee-university/,Tuskegee University confirms layoffs,WSFA,,2025-09-02T15:05:48Z
fe51b06a-6b77-4b53-adfe-c086a70c9c98,https://patch.com/new-jersey/hoboken/stevens-institute-technology-lays-45-employees-amid-trump-policy-changes,Stevens Institute of Technology Lays Off 45 Employees Amid Trump Policy Changes,Patch,,2025-08-31T17:23:42Z
fef8b4e0-997f-4389-a8e5-69a584ed9058,https://www.caltech.edu/campus-life-events/campus-announcements/jpl-workforce-reductions2024,JPL Workforce Reductions,Caltech Campus Announcements,,2025-09-02T12:45:06Z
481d32ab-492f-42fc-9841-7911832ac6b3,https://www.kxly.com/news/eastern-washington-university-cuts-wheelchair-basketball-program/article_d29f0032-c281-47df-aebb-d8a207afbc3a.html,"Eastern Washington University's Discontinuation of Its Adaptive Athletics Program: Institutional Decision-Making, Fiscal Constraints, and the Landscape of Collegiate Wheelchair Basketball",KXLY,2026-01-15,2026-01-12T00:24:22Z
26b094d6-5033-4681-9835-8e407e107e70,https://www.usatoday.com/story/sports/2026/01/08/lincoln-university-football-oakland-coach-program-suspend/88088321007/,Lincoln University football dreams unraveled: How a college team failed players,USA Today,2026-01-08,2026-01-12T00:34:56Z
a5eb7dd3-fda3-4630-bd9a-58719bee9a8d,https://indianapolisrecorder.com/opinion-martin-university-closure/,The Closure of Martin University: Examining the Final Chapter of Indianas Only Predominantly Black Institution,Indianapolis Recorder,2025-12-31,2026-01-12T00:04:07Z
6d1d093a-91a8-477b-b56c-6da438816b25,https://www.yahoo.com/news/articles/depaul-university-lays-off-114-194000783.html,DePaul lays off 114 staff members to help reduce budget shortfall,Yahoo News,2025-12-15,2025-12-16T19:43:33Z
c5d2bb0c-f771-4697-b951-1f2ac82bf774,https://www.wthr.com/article/news/education/martin-university-pausing-operations-end-2025-semester-college-indianapolis/531-de213904-c26d-443e-a54c-b62bebd2a2ea,"Martin University suspending operations amid financial challenges, enrollment drop",WTHR,2025-12-09,2025-12-16T19:36:31Z
ff99e9e3-bc60-4b08-9e5e-a3c1dd300630,https://www.orlandosentinel.com/2025/11/21/ucf-lays-off-65-employees-most-tied-to-shifting-federal-priorities-school-says,UCF will lay off staff at Florida Solar Energy Center due to loss of research funding,Orlando Sentinel,2025-11-21,2025-11-24T17:52:25Z
49c6a41c-80e9-41ce-8163-8607d51d10b4,https://hyperallergic.com/1057696/school-of-the-art-institute-of-chicago-lays-off-20-workers/,Layoffs Put World-Renowned Chicago Video Art Collection in Jeopardy,HyperAllergic,2025-11-17,2025-11-24T18:24:46Z
248ba316-8b31-4718-b7bf-e5510ea99ecc,https://www.insidehighered.com/news/quick-takes/2025/11/14/vermonts-sterling-college-close,Sterling College to Close,Inside Higher Ed,2025-11-14,2025-11-24T17:05:40Z
3ce088b5-27cc-4c4a-8044-9d055e6ecf7a,https://vnews.com/2025/11/14/keene-state-staff-reductions,Keene State to lay off staff positions,Valley News,2025-11-14,2025-11-24T16:41:55Z
765c7873-b6bd-423b-befd-ebc85303f431,"https://philanthropynewsdigest.org/news/other-sources/article/?id=16657194&title=Major-N.J.-univeristy-put-on-accreditation-probation,-plans-40-faculty-layoffs",Program Cuts Loom at Rider,Philanthropy News Digest,2025-11-14,2025-11-24T17:20:58Z
97302a71-f8bc-4eba-9ee7-9d63e81fa172,https://www.thecrimson.com/article/2025/11/14/huit-layoffs-financial/,HUIT Lays Off 38 IT Workers Amid Wider Harvard Staffing Cuts,The Harvard Crimson,2025-11-14,2025-11-24T18:10:45Z
5d0f3670-6ec3-42e0-9ec7-7d88e13a2829,https://www.highereddive.com/news/unl-chancellor-reduces-program-cuts-final-proposal/805361,UNL finalizes plan to cut four departments over faculty objections,Higher ED Drive,2025-11-10,2025-11-24T17:41:40Z
1b5c2ae9-332a-4e71-bba5-ebd0afa084ea,https://www.21alivenews.com/2025/11/07/huntington-university-students-react-performing-arts-cuts/#$0,Huntington University to suspend enrollment in performing arts programs,21alivenews,2025-11-08,2025-11-24T16:11:48Z
49171b21-611e-4955-a35a-3a943f171907,https://patch.com/illinois/joliet/university-st-francis-36-job-cuts-revealed-these-faculty-staff-positions-eliminated,"University of St. Francis Cuts Jobs, Academic Programs",Patch,2025-11-07,2025-11-24T16:34:53Z
0f057f97-143e-4499-be63-d5d0223e9a89,https://patch.com/illinois/palos/shock-resignation-sadness-wake-trinity-christian-colleges-closure,Trinity Christian College Will Close,Patch,2025-11-06,2025-11-24T16:20:48Z
557dd3e4-2607-49fd-b82b-f7e7d11b6ef8,https://www.kcrg.com/2025/11/24/cornell-college-cut-courses-citing-student-enrollment/,Changes to Academic Offerings at Cornell College,KCRG,2025-11-06,2025-11-25T03:47:54Z
e4ba3284-516d-47c8-8c02-591bc7d1cc68,https://wgno.com/news/louisiana/orleans-parish/xavier-university-experiences-layoffs-among-full-time-staff/amp,Xavier lays off 46 staff members amid financial challenges,HBCU Digest,2025-10-29,2025-10-31T15:12:03Z
69761e82-d555-480a-ac8d-4fe84d2c4980,https://www.klfy.com/local/lafayette-parish/ul-lafayette-cuts-70-jobs-to-help-resolve-25m-deficit-interim-president/,UL-Lafayette cuts 70 jobs to help resolve $25M deficit: interim president,The Advocate,2025-10-24,2025-10-26T02:18:07Z
dc4106a5-4e22-49e0-927d-4b68c62bf470,https://www.highereddive.com/news/university-of-northern-colorado-plans-to-lay-off-50-employees/803556/,University of Northern Colorado announces layoffs amid enrollment crisis,Colorado Higher Ed News,2025-10-16,2025-10-23T16:19:59Z
274f789c-deab-4c91-a9cc-c6db48209b8c,https://www.dailyeasternnews.com/2025/10/14/breaking-eastern-eliminates-44-staff-positions/,Eastern eliminates 44 staff positions,The Daily Eastern News,2025-10-14,2025-10-17T18:47:02Z
4d1b0242-1a31-4c4e-9859-26ef62f03c27,https://www.post-gazette.com/news/education/2025/10/08/carnegie-mellon-staff-lay-offs/stories/202510080077,CMU lays off 75 staffers in Software Engineering Institute,Pittsburgh Post-Gazette,2025-10-08,2025-10-10T02:07:57Z
b3cf75d7-c14f-42d3-a617-bc9adc452436,https://www.allsides.com/news/2025-10-02-1400/business-layoffs-berklee-college-music-70-staff-members-let-go-wake-budget,Layoffs at Berklee College of Music; 70 staff members let go in wake of budget crunch,AllSides,2025-10-03,2025-10-03T19:49:53Z
09dbd6bb-9f1a-46c4-a03d-1d59e4fc00c2,https://www.highereddive.com/news/washington-university-layoffs-300-federal-cuts-andrew-martin/801729/,Washington University lays off over 300 employees,Higher Ed Dive,2025-10-01,2025-10-02T17:24:54Z
f81b9acf-6eec-490d-b07c-afac42059eb4,https://www.foxbusiness.com/media/brown-cut-48-jobs-scrap-55-openings-following-federal-pressure-students-expose-ivy-league-bloat,"Brown to cut 48 jobs, scrap 55 open positions following federal pressure, student's exposé of Ivy League bloat",Fox Business,2025-09-23,2025-09-25T19:11:09Z
4746b2cc-77f9-4182-98a3-8156d0144fdc,https://www.insidehighered.com/news/quick-takes/2025/09/15/penn-state-close-npr-pbs-affiliate-station-wpsu,"Penn State to Close NPR, PBS Affiliate Station WPSU",Inside Higher Ed,2025-09-15,2025-10-12T16:11:14Z
e93442e6-a45f-474f-88e0-cefb8b310aa0,https://lookouteugene-springfield.com/story/university-of-oregon/2025/09/08/uo-to-cut-60-employees-this-fall-including-some-faculty-members/,"UO to cut 60 employees this fall, including some faculty members",Lookout Eugene-Springfield,2025-09-08,2025-09-09T13:18:35Z
3b2294ca-b0dc-4d58-8f3b-c82a95a92851,https://www.kgun9.com/news/local-news/university-of-arizona-laying-of-43-after-federal-funding-for-snap-ed-eliminated,University of Arizona laying off 43 after federal funding for SNAP-Ed eliminated,KGUN 9,2025-09-04,2025-09-14T22:26:41Z
02e9fd9b-d250-4e25-bebd-e47605835099,https://www.emorywheel.com/article/2025/09/emory-ends-dei-programs,Emory ends DEI programs,The Emory Wheel,2025-09-03,2025-09-04T23:32:10Z
84636c2d-63ed-4c2a-8945-db5136bc0880,https://www.kuer.org/arts-culture-entertainment/2025-09-03/after-nearly-25-years-slcc-community-writing-center-will-close-due-to-budget-cuts,"After nearly 25 years, SLCC Community Writing Center will close due to budget cuts",KUER,2025-09-03,2025-09-04T23:12:23Z
8646f655-0a8e-48f1-94d8-37c3fbb146f6,https://www.vcstar.com/story/news/education/schoolwatch/2025/09/03/clus-satellite-campuses-in-oxnard-westlake-village-to-close/85957259007/,"CLUs satellite campuses in Oxnard, Westlake Village to close",VC Star,2025-09-03,2025-09-04T23:30:38Z
47885bb0-54a6-498a-8210-f2774c9fc0dc,https://www.middleburycampus.com/article/2025/08/middlebury-to-close-miis-by-june-2027,Middlebury to close MIIS by June 2027,The Middlebury Campus,2025-08-28,2025-08-29T15:28:44Z
f6073eb6-8243-4b7b-994b-eb6481d4eb47,https://www.ohio.edu/news/2025/08/ohio-university-will-suspend-future-entry-11-academic-programs-comply-advance-ohio,Ohio University will suspend future entry into 11 academic programs to comply with Advance Ohio Higher Education Act standards,Ohio University,2025-08-26,2025-08-28T14:05:19Z
2666c18d-790b-443e-9c9e-fc8530fff08b,https://www.instagram.com/p/DNqcDOotzmf/,Wisconsin Law Students & Alum: Save the Public Defender Project!,Instagram,2025-08-22,2025-08-26T20:11:02Z
85ec92e7-f743-436f-853d-c0db5ac3b08e,https://www.theartnewspaper.com/2025/08/22/new-york-school-of-visual-arts-lays-off-30-employees,New Yorks School of Visual Arts lays off 30 employees,The Art Newspaper,2025-08-22,2025-08-24T19:38:10Z
962d82e3-e3f3-4822-b089-e0c1e9c65da4,https://drwebdomain.blog/2025/08/21/matc-cuts-four-positions-under-trumps-federal-dei-guidelines/,MATC cuts four positions under Trump's federal DEI guidelines,DrWeb Domain Blog,2025-08-21,2025-08-24T19:45:49Z
d3bbcbb5-8762-40a3-9fe6-d1abc81c6921,https://www.houstonchronicle.com/health/article/uthealth-houston-layoffs-freeze-20826193.php,UTHealth Houston lays off dozens during hiring freeze,Houston Chronicle,2025-08-21,2025-08-22T01:08:39Z
16430583-87b0-41d3-ba60-9c368ed71caf,https://vtdigger.org/2025/08/19/bennington-college-announces-layoffs-of-15-staff-members/,Bennington College announces layoffs of 15 staff members,VTDigger,2025-08-19,2025-09-01T01:43:35Z
37458911-e5dd-41d5-9484-d83538980228,https://wcyb.com/news/local/milligan-to-no-longer-accept-students-into-multiple-programs-including-journalism,Milligan to no longer accept students into multiple programs including journalism,WCYB,2025-08-19,2025-08-20T02:07:26Z
e1dc7301-f6ff-4575-bd00-9d5945659bf1,https://www.uscannenbergmedia.com/2025/08/19/rossier-school-of-education-lays-off-19-including-lone-career-services-specialist/,"Rossier School of Education lays off 19, including lone career services specialist",USC Annenberg Media,2025-08-19,2025-08-24T20:02:39Z
3ab9ce22-7078-45d3-9778-e622ad53c30f,https://chicagomaroon.com/48307/news/uchicago-to-cut-some-ph-d-masters-admissions-for-2026-27/,"UChicago to Cut Some Ph.D., Master's Admissions for 2026–27",Chicago Maroon,2025-08-14,2025-08-16T23:50:23Z
21bdccfe-ba7d-47a0-9600-e1afc53a521b,https://hartfordbusiness.com/article/uconn-closes-7-academic-programs-after-low-enrollment-review/,UConn closes 7 academic programs after low-enrollment review,Hartford Business Journal,2025-08-12,2025-08-12T17:43:31Z
6d8915d8-34d7-462e-9a11-67b8d7263824,https://littlevillagemag.com/iowa-youth-writing-project-and-iowa-summer-writing-festival-ending/,"UI announces end to Iowa Summer Writing Festival, Iowa Youth Writing Project",Little Village Magazine,2025-08-12,2025-08-13T17:16:31Z
c441d55b-e468-41af-ae83-483013192d18,https://thesuffolkjournal.com/47902/news/suffolk-university-layoffs/,Suffolk lays off 35 staff members amid financial tensions,The Suffolk Journal,2025-08-11,2025-08-15T16:35:04Z
df6ffe6d-2bc6-427b-b31c-80854319bc43,https://www.uscannenbergmedia.com/2025/08/11/annenberg-lays-off-13-employees-to-make-65-million-budget-cut/,Annenberg lays off 13 employees to make $6.5 million budget cut,USC Annenberg Media,2025-08-11,2025-08-12T13:33:25Z
98ed8ea8-8eaa-4d3e-aa12-8b5b7c4e4a36,https://www.wandtv.com/news/illinois/hundreds-of-illinois-extension-jobs-lost-after-federal-funding-cuts/article_c491d090-b357-4c42-b2ef-f8737bb11475.html,Hundreds of Illinois Extension jobs lost after federal funding cuts,WANDTV,2025-08-09,2025-08-09T23:51:01Z
9f68dac6-7cd0-440a-b6db-53179dbfa968,https://www.post-gazette.com/news/education/2025/08/08/cmu-lays-off-18/stories/202508080044,CMU lays off 18 employees in computer science school,Pittsburgh Post-Gazette,2025-08-08,2025-08-09T03:57:36Z
f41aab87-86be-43a7-be33-688fd381ad3e,https://www.nhpr.org/nh-news/2025-08-08/university-new-hampshire-unh-to-cut-36-positions-chilton-says,"University of New Hampshire to lay off 23 employees, cut 13 unfilled positions",NHPR,2025-08-08,2025-08-08T18:18:56Z
24fb340f-d17c-49bc-8f53-8d426ecacfb2,https://www.sfchronicle.com/bayarea/article/stanford-university-layoffs-cuts-20803037.php,"Stanford announces mass layoffs, blames federal policy shifts",SF Chronicle,2025-08-05,2025-08-05T19:18:19Z
91214a46-4b2b-4dab-bb22-3d9a7a759f63,https://www.alligator.org/article/2025/08/uf-shuts-down-office-of-sustainability,UF shuts down Office of Sustainability,The Independent Florida Alligator,2025-08-05,2025-08-11T16:39:46Z
ccbd8294-2cdf-44f5-b67e-49a8e43a9361,https://www.sltrib.com/news/education/2025/08/05/university-utah-slashing-81/,"University of Utah slashing 81 humanities courses, restructuring departments under HB 265 cuts",Salt Lake Tribune,2025-08-05,2025-08-05T20:35:07Z
b71f5530-62bf-4bd1-88e2-b2d9bf019822,https://www.pvpanther.com/news/2025/8/4/general-prairie-view-am-announces-tennis-program-cuts.aspx,Prairie View A&M Announces Tennis Program Cuts,PVPanther.com,2025-08-04,2025-08-05T19:27:57Z
b8b5f6b7-bc01-4b8a-aa2c-55d995200857,https://www.instagram.com/p/DM8npPMPlt9/,Michigan State University laid off its director of Counseling and Psychiatric Services and other psychiatric staff last week as part of other budget cuts,The Detroit News,2025-08-04,2025-08-05T01:15:24Z
c92d3fb2-de4b-440c-a49d-aff21740497e,http://www.universityherald.com/articles/79710/20250804/southern-oregon-university-declares-financial-exigency-5-million-budget-cuts-15-majors-eliminated.htm,"Southern Oregon University Declares Financial Exigency: $5 Million Budget Cuts, 15 Majors Eliminated",University Herald,2025-08-04,2025-08-04T17:22:54Z
13fad799-e772-4c43-8060-1a1706b0436f,https://www.chicagotribune.com/2025/08/01/moody-bible-layoffs-religious-colleges/,"Moody Bible Institute lays off roughly 9% of staff, as small religious schools nationwide struggle with enrollment",Chicago Tribune,2025-08-01,2025-08-02T20:20:08Z
b62765c3-f254-485c-ae91-cf7671945a33,https://nypost.com/2025/07/31/us-news/barnard-college-lays-off-dozens-of-employees-weeks-after-antisemitism-suit-settlement/,Columbia sister school Barnard College lays off dozens of employees weeks after antisemitism suit settlement,NY Post,2025-07-31,2025-08-01T14:15:02Z
9b29808a-6b0d-4e61-a9ba-d7cdc1b8ec40,https://www.cbsnews.com/chicago/news/northwestern-university-to-cut-425-positions-budget-crisis/,Northwestern University to cut 425 positions amid budget crisis,CBS Chicago,2025-07-29,2025-07-30T14:13:15Z
d6c96058-ea42-4b4f-b320-4810959c953b,https://www.campusreform.org/article/kings-college-announces-permanent-closure-imminent-dissolution/28348,The King's College announces permanent closure and imminent dissolution,Campus Reform,2025-07-29,2025-07-31T03:13:30Z
3c9730d2-63f0-4256-8445-91077e1f8be4,https://www.insidehighered.com/news/quick-takes/2025/07/28/nearly-600-duke-employees-take-buyouts,Nearly 600 Duke Employees Take Buyouts,Inside Higher Ed,2025-07-28,2025-07-30T14:17:33Z
485c31ce-702f-4630-a378-54a2ed4e0601,https://www.wpr.org/news/uw-extension-foodwise-nutrition-education-federal-funds-eliminated,UW Extension's FoodWIse nutrition education program shutting down after federal funds eliminated,Wisconsin Public Radio,2025-07-25,2025-09-02T13:31:08Z
6c891ade-2bb9-4552-af02-49d096a29d53,https://www.courier-journal.com/story/news/education/2025/07/22/sullivan-university-in-louisville-announces-layoffs-selling-residence-hall/84485854007/#$0,"Sullivan University announces more layoffs, other changes at Louisville school",Courier Journal,2025-07-22,2025-07-22T20:40:47Z
c5bcc86f-30be-4c83-ad1e-229a6986dc13,https://abc11.com/post/meredith-college-raleigh-nc-laying-off-6-workforce/17246168/,Meredith College laying off 6% of workforce: 'A gut punch',ABC11,2025-07-22,2025-08-11T16:49:45Z
ce34ed80-e619-4206-9bd0-735b85d3d7d5,https://wwmt.com/news/local/kalamazoo-college-reduces-staff-financial-challenges-student-demographics-inflationary-environment,Kalamazoo College reduces staff amid financial challenges,WWMT,2025-07-22,2025-08-11T16:53:16Z
ee6f1d8a-28dd-4364-a24d-153ead1148d9,https://dailybruin.com/2025/07/21/ucla-extension-lays-off-employees-eliminates-positions-amid-federal-budget-cuts,"UCLA Extension lays off employees, eliminates positions amid federal budget cuts",Daily Bruin,2025-07-21,2025-07-22T02:22:47Z
66dab806-6770-4430-b0ec-8645c7b221de,https://www.kiiitv.com/article/news/education/texas-a-and-m-kingsville-lays-off-34-employees-following-budget-shortfall/503-548f6c64-bf51-4019-aa51-6b747cb81816,A&M-K lays off 34 employees following budget shortfall,KIII TV,2025-07-18,2025-07-19T23:57:09Z
92d6e606-a905-4e61-9ce6-00d92bba4eca,https://news.temple.edu/announcements/2025-07-18/results-rcm-review,"Temple University to lay off 50 employees
The public institution is cutting 190 positions in an effort to slash more than $30 million from its deficit.",Temple Now,2025-07-18,2025-07-22T05:12:05Z
a49330a5-3868-4e1d-9fb5-ca705fbb5a18,https://local12.com/news/local/university-cut-jobs-as-it-sees-declining-enrollment-numbers-enroll-xavier-workforce-workers-jobs-money-tuition-students-education-executives-freshmen-cincinnati-ohio-norwood-impact,Local university to cut jobs as it sees declining enrollment numbers,Local 12,2025-07-18,2025-08-11T16:58:38Z
ac31a762-2c46-4d9c-847b-eb2b24226f45,https://news.uwgb.edu/phlash/mediacoverage/07/16/uw-green-bay-st-norbert-rotc-programs-will-end-amid-federal-cuts-green-bay-press-gazette/,"UW-Green Bay, St. Norbert ROTC programs will end amid federal cuts",Green Bay Press-Gazette,2025-07-16,2025-07-18T12:33:25Z
7383d08f-e076-4848-b9c6-2f20f4684e0d,https://www.latimes.com/california/story/2025-07-15/usc-budget-deficit-layoffs,USC signals layoffs as deficit surpasses $200 million amid federal funding uncertainty,Los Angeles Times,2025-07-15,2025-07-17T19:40:05Z
056c1a94-9283-4cc6-bf42-cf636d8376f8,https://marquettewire.org/4138156/news/medical-laboratory-science-program-to-be-terminated/,Medical Laboratory Science program to be terminated,Marquette Wire,2025-07-13,2025-07-14T02:12:57Z
6109aee7-8512-4851-9aeb-3279103cec9c,https://www.fox6now.com/news/uw-madison-dei-division-close-move-programs-other-divisions,UW-Madison DEI division to close; move programs to other divisions,Fox6 Milwaukee,2025-07-09,2025-07-20T19:45:16Z
c869320b-f6ab-4926-bebd-282a041eeb64,https://vanderbilthustler.com/2025/07/08/vanderbilt-program-for-lgbtq-health-lays-off-5-staff-members-trans-buddy-program-halted/,"Vanderbilt Program for LGBTQ Health lays off 5 staff members, Trans Buddy Program halted",Vanderbilt Hustler,2025-07-08,2025-07-14T17:40:02Z
169d105f-fa19-48f5-bcf7-c29ea92cf006,https://www.ballstatedaily.com/article/2025/07/ball-state-adjusts-51-degree-programs-amid-statewide-enrollment-mandate-daily-news,Ball State adjusts 51 degree programs amid statewide enrollment mandate,The Ball State Daily News,2025-07-05,2025-07-10T02:31:49Z
e4b9aa81-ee26-48cb-bab4-bbf0869badbe,https://wset.com/news/local/averett-university-cuts-liberal-arts-programs-amid-financial-crisis-thomas-powell-president-july-2025,Averett University cuts liberal arts programs amid financial crisis,WSET,2025-07-02,2025-07-18T19:47:35Z
230121ca-6f2c-4286-843e-ce2e5e8e7cb6,https://www.idsnews.com/article/2025/07/indiana-higher-education-degrees-eliminated-suspended,"Over 400 Indiana higher education degrees eliminated, suspended",Indiana Daily Student,2025-07-01,2025-07-10T02:19:02Z
b4a8400e-8ba7-4875-8191-e6179e0198e3,https://www.sienaheights.edu/siena-heights-university-announces-closure/,Siena Heights University announces closure after 2025-26 year,Siena Heights University,2025-06-30,2025-07-06T16:16:38Z
27ec7b27-e0b4-4347-afe4-76bc526d838f,https://mybellinghamnow.com/news/297792-more-layoffs-hit-staff-at-western-washington-university-amidst-23-million-budget-deficit/,Western Washington University cuts 20 positions to shrink $23 M deficit,My Bellingham Now,2025-06-26,2025-07-06T16:16:38Z
4f0d4b1e-a51a-4cd3-b4bd-ce71662b0615,https://www.nwpb.org/2025/06/25/whitman-college-lays-off-10-staffers-citing-3-million-budget-shortfall/,Whitman College lays off 10 staffers amid $3 M shortfall,Northwest Public Broadcasting,2025-06-25,2025-07-06T16:16:38Z
cba715ee-908b-4550-91ed-e17151576a43,https://www.wmur.com/article/snhu-southern-new-hampshire-university-job-cuts/65227741,SNHU eliminates 60 positions across eight departments,WMUR-TV,2025-06-25,2025-07-06T16:16:38Z
491895f1-29e2-414a-8c36-2d8f84d06e60,https://www.fiercehealthcare.com/providers/vanderbilt-university-medical-center-announces-650-layoffs-300m-budget-cut,"Vanderbilt University Medical Center announces 650 layoffs, $300M-plus budget cut",FierceHealthcare,2025-06-20,2025-07-24T02:16:26Z
4c729b02-3da7-4021-9bbd-9f3871ed0160,https://www.masslive.com/news/2025/06/clark-university-to-lay-off-30-of-faculty-amid-enrollment-woes.html,"Clark University to cut up to 30 % of faculty, 5 % of staff",MassLive,2025-06-20,2025-07-06T16:16:38Z
7fcbcd73-c919-4567-a6c2-5763d0362fab,https://www.chronicle.com/article/u-of-minnesota-tries-to-soften-the-blow-of-tuition-hikes-budget-cuts-with-faculty-benefits,University of Minnesota Approves Major Budget Cuts for 2025,University of Minnesota,2025-06-20,2025-06-24T05:12:05Z
6b878012-0063-4697-bd46-2ecfa77b6caf,https://lookouteugene-springfield.com/story/education/2025/06/19/42-uo-college-of-arts-and-sciences-staff-and-faculty-get-layoff-notices/,University of Oregon lays off 42 employees amid $25.7 M deficit,Lookout Eugene-Springfield,2025-06-19,2025-07-06T16:16:38Z
c41b3d61-d05f-473b-a778-86e15efc5c76,https://www.startribune.com/university-of-minnesota-proposes-7-budget-cuts-and-largest-tuition-hike-in-more-than-a-decade/601367825,"U of M Regents OK budget, warn of program cuts amid $42M shortfall",Star Tribune,2025-06-19,2025-06-24T04:06:34Z
b2d0bbde-0a85-47e7-a9f5-ff8cad37211b,https://chicago.suntimes.com/news/2025/06/18/columbia-college-layoff,Columbia College Chicago lays off 20 full-time faculty,Chicago Sun-Times,2025-06-18,2025-07-06T16:16:38Z
bf38ae70-58c9-4e5d-8a32-f76fa0138236,https://www.si.com/college/washington-state/athletics/washington-state-athletics-announces-significant-cuts-to-track-field-program,Washington State Athletics Announces Significant Cuts To Track & Field Program,Sports Illustrated,2025-06-17,2025-07-14T16:02:20Z
b3a0b621-737d-416d-b18c-cc2b74fdb46a,https://signalakron.org/faculty-voluntarily-leaving-university-of-akron-may-stave-off-staff-cuts-report-says/,"Anthropology and physics professors should be kept, even if programs are eliminated",Signal Akron,2025-06-15,2025-06-24T04:19:38Z
b38f832d-4664-4211-b688-f9f89f3a0296,https://azluminaria.org/2025/06/13/university-of-arizona-budget-update-faculty-cuts/,UA financial outlook improves but faculty and students challenge ...,Arizona Luminaria,2025-06-13,2025-07-09T22:00:16Z
2f74d610-0a16-426e-8a03-c055befa2c0b,https://www.goerie.com/story/news/education/2025/06/12/mercyhurst-university-makes-5-job-cuts-as-part-of-budget-review/83989285007/,Mercyhurst University trims 5 staff positions in budget review,Erie Times-News,2025-06-12,2025-07-06T16:16:38Z
d0371422-e1d1-49d6-b585-f85eda2f6638,https://www.koin.com/news/portland/pcc-plans-to-cut-music-and-sonic-arts-program-despite-community-support/,Portland Community College cuts programs to fight budget deficit,Oregon Live (The Oregonian),2025-06-12,2025-07-18T12:40:42Z
4e635c03-0bdb-4ba1-a6bd-2732a5cb64d8,https://www.sltrib.com/news/education/2025/06/10/utah-university-budget-cuts-what/,What each Utah university and college is eliminating under state-imposed budget cuts,The Salt Lake Tribune,2025-06-10,2025-06-23T02:23:56Z
9b6b0bc6-6bef-4c8b-8501-7fa480bef03a,https://www.cleveland.com/education/2025/05/university-akron-retrenchment-report.html,University of Akron cuts anthropology and physics departments; freezes others,Cleveland.com,2025-06-10,2025-06-24T04:19:38Z
21020ef1-75be-44b2-9e6c-4794c8f77e8b,https://dailybruin.com/2025/06/05/academic-advancement-program-to-pause-some-programs-reduce-staff-amid-budget-cuts,"UCLA suspends Pre-College Scholars, Graduate Services units within AAP",Daily Bruin,2025-06-05,2025-06-24T04:06:34Z
2ba58db8-3a28-4e9a-a1f4-3b246ff0b2f4,https://www.therepublic.com/2025/06/02/ivy-tech-will-lay-off-202-employees-statewide-including-14-in-columbus-due-to-state-funding-cuts/,"Ivy Tech will lay off 202 employees statewide, including 14 in Columbus due to state funding cuts",The Republic,2025-06-02,2025-07-18T20:43:28Z
4514bf83-f0cd-4f76-ac57-dabd0d7edbc9,https://www.wfyi.org/news/articles/ivy-tech-to-lay-off-200-employees-across-indiana,Ivy Tech to lay off 200 employees across Indiana,WFYI,2025-06-02,2025-07-10T02:40:39Z
7615b63f-ef80-4bff-9f1a-7f24a24c4c2d,https://rbj.net/2025/05/29/roberts-wesleyan-university-to-cut-20-of-workforce-and-academic-programs/,"Roberts Wesleyan to cut 20% of workforce, eliminate programs",Rochester Business Journal,2025-05-29,2025-06-28T23:43:28Z
29fa4fe0-af51-4959-ba00-152e1c4dd358,https://www.wivb.com/news/local-news/buffalo-state-university-announces-cuts-to-programs/,Buffalo State to cut 63 jobs and 19 programs amid deficit,The Buffalo News,2025-05-25,2025-06-28T23:43:28Z
3563ce88-5d9b-4998-92ab-e7121b34f660,https://lookout.co/as-uc-santa-cruz-reduces-its-budget-german-persian-language-courses-face-elimination/story,"As UCSC reduces its budget, German, Persian language courses face elimination",Lookout,2025-05-23,2025-07-10T02:45:35Z
6053cc59-7052-4f2d-994d-77b956894d30,https://www.bostonglobe.com/2025/05/22/metro/bard-college-simons-rock-closing-layoffs/,Bard College at Simon’s Rock closing; 116 employees to be laid off,The Boston Globe,2025-05-22,2025-06-28T23:43:28Z
e56ce208-34cc-43e1-94cf-fcc9413f89ca,https://www.21alivenews.com/2025/05/22/45-purdue-university-fort-wayne-employees-laid-off-amid-budget-cuts/,45 Purdue University Fort Wayne employees laid off amid budget cuts,21 Alive News,2025-05-22,2025-09-02T13:18:49Z
228ba5ad-ca39-4b9b-bfbc-3383717ea8e3,https://www.ripbs.org/news/2025/05/18/jwu-cuts-91-jobs-to-close-34m-budget-gap/,Johnson & Wales cuts 91 jobs to close $34M budget gap,Rhode Island PBS,2025-05-18,2025-06-28T23:43:28Z
e3f24a5e-42a3-4193-81f0-72879dde9059,https://www.mainepublic.org/education-news/2025-05-15/umaine-advanced-structures-and-composites-center-lays-off-9-employees-after-federal-funding-cuts,UMaine Advanced Structures and Composites Center lays off 9 employees after federal funding cuts,Maine Public,2025-05-15,2025-09-02T13:10:08Z
7433dd04-33bf-42a9-bfa0-8ec64a5b7d6b,https://www.indystar.com/story/news/education/2025/05/10/ivy-tech-to-lay-off-202-employees-after-state-budget-cuts/742200/,Ivy Tech to lay off 202 employees after state budget cuts,Indianapolis Star,2025-05-10,2025-06-28T23:43:28Z
4d90a3e1-8bff-4d3a-b1a4-0aa764065a66,https://www.highereddive.com/news/johnson-wales-university-91-layoffs-faculty-staff-deficit/747604/,Johnson & Wales University to lay off 91 faculty and staff,Higher Ed Dive,2025-05-08,2025-07-18T20:48:56Z
38a6208d-63da-4275-aac9-54a7eaefc9ae,https://www.insidehighered.com/news/business/financial-health/2025/05/06/colleges-cut-more-programs-jobs-april,"Colleges Cut More Programs, Jobs in April",Inside Higher Ed,2025-05-06,2025-06-23T02:23:56Z
b9ef36c8-5f20-4d28-97f0-98b43d628730,https://www.insidehighered.com/news/2025/05/05/university-toledo-suspends-nine-programs-amid-new-law,University of Toledo suspends nine programs amid new law,Inside Higher Ed,2025-05-05,2025-06-24T04:19:38Z
c5fbc806-09b0-4d61-9a7b-acaa597a5973,https://www.american.edu/finance/memos/honoring-our-voluntary-retirement-program-participants.cfm,Honoring Our Voluntary Retirement Program Participants,American University Finance Memo,2025-05-01,2025-07-14T14:07:12Z
f451942e-79d5-416c-ac51-4694ec5ef4df,https://www.uatl.com/news/2025/05/low-performing-black-studies-program-discontinued-at-kennesaw-state/,“Low-performing” Black studies program discontinued at Kennesaw State,Atlanta Journal-Constitution,2025-05-01,2025-06-23T02:32:06Z
ab8bee98-0da1-43c8-b2f3-3553dcec10c7,https://apnews.com/d4851555bd0fb360a92dee84a2d93140,A 180-year-old private South Carolina university is closing after a $6M fundraising drive fails,AP News,2025-04-30,2025-06-23T02:32:06Z
02a1f4ed-7695-4f22-9755-4497ad55bd97,https://www.usu.edu/president/reinvestment/programs.cfm,"USU Strategic Reinvestment: Effects on Programs, Degrees and Certificates",Utah State University,2025-04-29,2025-06-23T02:32:06Z
61cb0d99-dad7-4ecb-857a-92df6a1b8df4,https://www.kuer.org/education/2025-04-22/weber-state-is-latest-school-cutting-majors-in-response-to-utahs-higher-ed-mandate,Weber State is latest school cutting majors in response to Utah’s higher-ed mandate,KUER 90.1,2025-04-22,2025-06-23T02:32:06Z
3c858d19-62c9-4450-b7a6-344a2e60077d,https://19thnews.org/2025/04/university-of-toledo-suspends-programs-dei/,"University suspends nine gender, disability and ethnicity majors under new Ohio law",19th News,2025-04-21,2025-07-18T20:31:04Z
fb9e2270-3b5f-4552-bb8c-2d9d87d858be,https://www.insidehighered.com/news/quick-takes/2025/04/14/averett-president-out-after-three-months,Averett University drops several academic programs amid financial mismanagement,Inside Higher Ed,2025-04-14,2025-06-24T04:43:32Z
715c52f7-109d-4877-bd89-9327d56928a2,https://cardinalnews.org/2025/04/01/averett-university-puts-equestrian-center-for-sale-amid-financial-recovery-efforts/,Averett University lists equestrian center for sale amid financial woes,Cardinal News,2025-04-01,2025-06-24T04:43:32Z
89855ef2-8bd2-401b-b8ea-ac855bff8cf4,https://koin.com/news/education/portland-community-college-cutting-programs-music-gerontology/,Portland Community College to eliminate two low-enrollment programs,KOIN,2025-03-28,2025-06-24T04:40:43Z
5b414e9c-16de-4a7c-843a-bfdc6af17065,https://www.silive.com/education/2025/03/wagner-college-considers-phasing-out-21-programs.html,Wagner College to phase out as many as 21 programs amid enrollment drop,Staten Island Advance,2025-03-25,2025-06-24T04:40:43Z
1d1bc905-be32-4a4c-bd70-c564f586eedf,https://thedailycougar.com/2025/03/20/american-sign-language-program-shuts-down-at-uh/,American Sign Language program shuts down at UH,The Daily Cougar,2025-03-20,2025-08-01T19:38:02Z
e1a31e87-ef9c-409c-a5fe-eae41bd837a8,https://www.wkyc.com/article/news/education/kent-state-cutting-nine-majors-realignment-plan-2025/95-xyz123,Kent State eliminating nine majors as part of academic realignment,WKYC,2025-03-20,2025-06-24T04:40:43Z
0bd281fe-5a2d-4809-af00-9d6432fa192d,https://www.stlpr.org/education/2025-03-18/siue-proposes-eliminating-physics-department-as-part-of-plan-to-reduce-10-3m-deficit,SIUE proposes eliminating physics department,St. Louis Public Radio,2025-03-18,2025-08-13T17:11:40Z
79b0dd56-654c-4efd-a4f0-10a6cf50a258,https://www.highereddive.com/news/st-norbert-college-cuts-faculty-programs/742843/,St. Norbert College to cut over 2 dozen faculty positions and 20 programs,Higher Ed Dive,2025-03-18,2025-06-24T04:43:32Z
111fa23c-2723-41d1-8c11-684af937527e,https://www.wpr.org/news/deficit-st-norbert-college-cut-staff-majors,"Facing deficit, St. Norbert College to cut staff, majors",Wisconsin Public Radio,2025-03-17,2025-06-24T04:43:32Z
679116e9-bc68-481c-b5f7-cf9beab05164,https://hub.jhu.edu/2025/03/14/johns-hopkins-usaid-funding-cuts-global-health/,"In wake of federal funding cuts, Johns Hopkins scales back USAID-supported work around the globe",Johns Hopkins University,2025-03-14,2025-07-14T15:27:34Z
6a73abd3-9ac9-4720-bb81-554843ab6de1,https://gopoly.com/news/2025/3/7/swimming-and-diving-cal-poly-discontinues-swimming-diving-effective-immediately.aspx,Cal Poly Discontinues Swimming & Diving,Cal Poly Athletics,2025-03-07,2025-07-10T03:40:21Z
501e3b5b-6f38-4739-b20d-a86c0b31acc3,https://www.insidehighered.com/news/quick-takes/2025/02/20/northland-college-announces-closure,Northland College announces closure,Inside Higher Ed,2025-02-20,2025-07-18T19:07:51Z
8ee35940-50e7-4b3f-8fd4-088f14e85bcb,https://www.northernnewsnow.com/2025/02/19/northland-college-announces-closure/,Northland College announces closure,Northern News Now,2025-02-19,2025-07-18T18:34:04Z
7501bf72-b82e-479f-8bec-78f5cfa1d576,https://en.wikipedia.org/wiki/Northland_College_(Wisconsin),Northland College announces closure after 2024–2025 year,Wikipedia,2025-02-01,2025-06-24T04:43:32Z
a1c5f31c-7596-4498-a794-4f9735549e8c,https://sonomastatestar.com/37350/news/sweeping-cuts-planned-for-ssu-all-sports-to-be-eliminated/,"Sonoma State Can Move Forward With Cuts for Now, Judge Rules",Sonoma State Star,2025-01-22,2025-06-23T02:32:06Z
76a5893b-d959-487a-8392-dcd1674131d7,https://www.wwno.org/education/2025-01-17/uno-will-furlough-most-employees-to-help-close-10-million-gap,UNO will furlough most employees to help close $10 million gap,WWNO,2025-01-17,2025-09-02T14:18:17Z
59ac9a5e-3721-4d34-8edf-b644de9175a4,https://www.highereddive.com/news/columbia-college-chicago-cut-11-programs-25-faculty-jobs/735843/,"Columbia College Chicago to cut 11 programs, up to 25 faculty jobs",Higher Ed Dive,2024-12-18,2025-06-29T16:05:03Z
5b3b9cd9-d446-4cc4-95be-fa7f6b6bff83,https://www.opb.org/article/2024/12/13/portland-state-university-hands-pink-slips-to-17-faculty/,Portland State University hands pink slips to 17 faculty,OPB,2024-12-13,2025-07-10T20:14:19Z
8565cb46-5e55-4ed4-8302-986df5e609e9,https://www.highereddive.com/news/saint-augustine-university-staff-faculty-cuts-accreditation/733959/,Saint Augustine's University cuts its workforce in half to reduce costs by $17M,Higher Ed Dive,2024-11-25,2025-07-10T20:05:06Z
22cf511d-2226-40ca-b8e8-f8ad31fc58e8,https://www.insidehighered.com/news/admissions/graduate/2024/11/19/bu-suspends-admissions-humanities-other-phd-programs,"BU suspends admissions to humanities, other Ph.D. programs",Inside Higher Ed,2024-11-19,2025-07-10T20:24:06Z
fb698550-8f2b-4f71-b76c-90e4321a8a50,https://www.inquirer.com/education/drexel-university-layoffs-budget-deficit-20241119.html,Drexel lays off 60 employees as it continues to address a budget crunch,The Philadelphia Inquirer,2024-11-19,2025-07-10T19:54:15Z
8d2f6d2f-2abb-420f-9134-2a93422cf5a2,https://mississippitoday.org/2024/11/18/mississippi-college-name-change/,Mississippi College will change its name and drop its football program,Mississippi Today,2024-11-18,2025-07-14T15:56:19Z
dbb68d96-8b0e-4ee2-b67c-f5f38d5841cc,https://www.insidehighered.com/news/governance/trustees-regents/2024/11/12/texas-am-cuts-lgbtq-studies-and-other-programs,Texas A&M cuts LGBTQ studies and other programs,Inside Higher Ed,2024-11-12,2025-07-10T20:17:56Z
cb120e90-c86f-4c01-8460-1fbae953ba4d,https://www.highereddive.com/news/saint-louis-university-lays-off-23-staffers-eliminates-130-positions/730490/,"Saint Louis University lays off 23 staffers, eliminates 130 positions",Higher Ed Dive,2024-10-21,2025-07-10T20:09:26Z
5771ebca-ad9b-4341-b231-02cd1fbb9ccc,https://www.highereddive.com/news/wittenberg-university-cut-five-majors-40-employees-faculty-staff/726626/,"Wittenberg University to cut 5 majors, 40 employees",Higher Ed Dive,2024-09-10,2025-06-29T16:05:03Z
5fb36cb6-d0e7-460b-ab74-bf98f04c670b,https://www.winknews.com/lifestyle/hodges-university-s-34-year-run-coming-to-a-close/article_0154fbbe-6f2e-50c0-90d6-d3603d7b44f3.html,Hodges Universitys 34-year run coming to a close,WINK News,2024-08-19,2025-08-05T02:27:17Z
689fce91-1138-4a9c-892b-7ffe97db1132,https://www.foxnews.com/media/emerson-college-cuts-staff-citing-enrollment-decline-tied-anti-israel-protests,Emerson College cuts staff citing enrollment decline tied to anti-Israel protests,Fox News,2024-08-15,2025-07-10T18:34:36Z
b7c40121-715d-452b-b967-41fa0399013b,https://www.wiu.edu/news/newsrelease.php?release_id=20070,An Update on WIU's Financially Sustainable Future,Western Illinois University News,2024-08-09,2025-07-10T19:32:02Z
91187f80-7e45-41f8-b857-2d6a9ad417be,https://johnsonu.edu/juflclosure/,Florida Campus Closure,Johnson University,2024-06-30,2025-08-05T02:22:53Z
61dcf74a-f641-4d98-bee7-67279a8ae40b,https://universitybusiness.com/are-latest-layoffs-at-this-university-a-first-look-at-the-fafsa-fiascos-consequences/,Are latest layoffs at this university a first look at the FAFSA fiasco's consequences?,University Business,2024-06-26,2025-07-10T18:28:16Z
b5171ae1-5e33-49c7-9397-cd9a43b3dce5,https://www.keystone.edu/2024/06/25/keystone-college-makes-several-restructuring-moves/,Keystone College Makes Several Restructuring Moves,Keystone College,2024-06-25,2025-07-10T18:21:58Z
c801c96d-facf-495e-9569-f0b94b73c5a6,https://www.highereddive.com/news/eastern-nazarene-college-in-massachusetts-to-close/719969/,Eastern Nazarene College in Massachusetts to close,Higher Ed Dive,2024-06-25,2025-07-10T18:12:54Z
4c650955-d6b9-4c46-b1db-e84be8535cc0,https://www.highereddive.com/news/the-college-of-saint-rose-close-spring-2024-end-of-academic-year/701349/,The College of Saint Rose will close at the end of the academic year,Higher Ed Dive,2024-06-21,2025-08-05T01:35:16Z
218fd96a-3f4b-4ba5-8021-52ec6b65648c,https://www.highereddive.com/news/union-institute-university-to-close-financial-woes-accreditation/719433/,Union Institute & University to close,Higher Ed Dive,2024-06-20,2025-07-10T18:01:19Z
7a680471-ae57-4b86-a8b9-693fc33cda47,https://www.highereddive.com/news/concordia-university-ann-arbor-campus-program-cuts/719810/,Concordia University Ann Arbor to cut most programs,Higher Ed Dive,2024-06-20,2025-07-09T21:05:55Z
7303be57-20c5-4391-9aa7-f6d0bc4fbb7c,https://www.forbes.com/sites/michaeltnietzel/2024/06/17/alverno-college-declares-financial-exigency-cuts-faculty-and-programs/,"Alverno College Declares Financial Exigency, Cuts Faculty and Programs",Forbes,2024-06-17,2025-06-29T16:05:03Z
9a147c89-502b-48bc-9a31-a122fba58ce7,https://www.insidehighered.com/news/business/financial-health/2024/06/12/what-drove-pittsburgh-technical-college-close,What drove Pittsburgh Technical College to close?,Inside Higher Ed,2024-06-12,2025-08-05T01:46:01Z
538966b3-9506-4724-8396-41551497081b,https://www.wfmz.com/_homepage_top_stories/albright-eliminates-dozens-of-faculty-and-staff-positions/article_a961e998-1f6c-11ef-bcac-3344c22ba04a.html,Albright eliminates dozens of faculty and staff positions,WFMZ,2024-06-03,2025-07-09T22:26:51Z
f257253b-906e-4635-8c06-522db2b87640,https://www.insidehighered.com/news/business/financial-health/2024/06/02/university-arts-announces-sudden-closure,University of the Arts announces sudden closure,Inside Higher Ed,2024-06-02,2025-07-10T19:28:27Z
74e9f4f2-a850-41ca-9662-d59ece6f008d,https://www.highereddive.com/news/university-of-lynchburg-cuts-academic-programs-staff-faculty-positions/717686/,"University of Lynchburg to cut programs, staff and faculty positions",Higher Ed Dive,2024-05-31,2025-07-10T18:18:18Z
a4a99bf7-8919-428e-9de8-8cd3cc84a965,https://www.highereddive.com/news/st-catherine-university-cuts-staff-roles-budget-deficits/717143/,St. Catherine University eliminates staff roles as it grapples with deficits,Higher Ed Dive,2024-05-24,2025-07-09T22:32:26Z
25d8ca0e-3a06-4b04-9fd5-382d4e44a31a,https://spectrumlocalnews.com/nys/buffalo/news/2024/05/23/buffalo-state-university-to-cut-37-degree-programs,Buffalo State University to cut 37 degree programs,Spectrum News,2024-05-23,2025-06-29T16:05:03Z
5bebb026-416f-4152-9435-eb47dc084645,https://delawarebusinesstimes.com/news/dcad-to-close-in-upcoming-weeks/,DCAD to close in upcoming weeks,Delaware Business Times,2024-05-23,2025-08-05T02:34:47Z
6f8046aa-2662-48e3-894c-912bf30e7854,https://www.highereddive.com/news/eastern-gateway-community-college-to-close-october-31/716507/,Eastern Gateway Community College to close Oct. 31,Higher Ed Dive,2024-05-15,2025-07-09T21:16:00Z
85fd0036-350e-4499-ac3a-465c41bd5885,https://www.mprnews.org/story/2024/05/13/st-cloud-state-university-scsu-music-department-budget-cuts,Supporters hope to save St. Cloud State University’s music department from budget cuts,MPR News,2024-05-13,2025-06-29T16:05:03Z
921c205a-18e6-4966-a2b9-d1671ded575b,https://www.whec.com/local/mcc-announces-plans-for-teacher-layoffs/,MCC announces plans for teacher layoffs,WHEC,2024-05-07,2025-07-09T22:36:04Z
ff3b905a-4c53-4178-8bf7-d2156a96f563,https://www.concordmonitor.com/Magdalen-College-closing-this-year-54859354,A turbulent 50-year history: Inside the rise and fall of a tiny Catholic college in Warner,Concord Monitor,2024-05-04,2025-08-05T02:18:36Z
8dc90a63-4350-4a0e-a85d-f37fc47b5dbf,https://www.insidehighered.com/news/quick-takes/2024/04/29/university-saint-katherine-announces-closure,University of Saint Katherine announces closure,Inside Higher Ed,2024-04-29,2025-08-05T01:29:36Z
a5dac787-0edb-40d3-8af8-b6c123b6b54f,https://www.insidehighered.com/news/business/financial-health/2024/04/30/wells-college-announces-closure,Wells College announces closure,Inside Higher Ed,2024-04-29,2025-08-05T01:22:07Z
f2281b88-4e9f-43bd-9c96-f96cbe671cdc,https://www.insidehighered.com/news/business/financial-health/2024/04/10/goddard-college-announces-closure,Goddard College announces closure,Inside Higher Ed,2024-04-10,2025-08-05T02:30:25Z
4d320995-0c3b-479a-8a6d-94291a825824,https://www.keranews.org/education/2024-04-09/ut-dallas-to-eliminate-20-jobs-because-of-dei-ban,UT Dallas to eliminate 20 jobs because of DEI ban,KERA News,2024-04-09,2025-09-02T12:54:21Z
a15f9222-31b2-4fd9-8bcb-3c0d2ec0bac6,https://www.al.com/news/2024/04/the-long-slow-death-of-birmingham-southern-what-killed-an-alabama-college-with-168-year-old-roots.html,"The long, slow death of Birmingham-Southern: What killed an Alabama college with 168-year-old roots?",AL.com,2024-04-06,2025-08-05T02:40:57Z
ecd2a28b-851a-4683-a606-8499ca718863,https://www.texastribune.org/2024/04/02/university-texas-austin-firings-dei-ban/,UT-Austin announces firings to comply with Texas' DEI ban,The Texas Tribune,2024-04-02,2025-09-02T12:51:35Z
256057ff-ffab-43b4-8725-f0aa072e9377,https://www.highereddive.com/news/oak-point-university-to-close-abruptly-april-healthcare-chicago/711797/,Healthcare-focused Oak Point University to close abruptly in April,Higher Ed Dive,2024-03-29,2025-08-05T01:57:26Z
f7f2bc2c-0c85-440d-9aae-72ab325ff3ee,https://templeupdate.com/cabrini-university-closing-students-transfer/,"Cabrini University Closing, Students Transfer",Temple Update,2024-03-23,2025-08-05T02:38:00Z
5413d7e1-6aee-4b72-aa34-73f22e43fa2c,https://uwm.edu/news/uwm-at-waukesha-campus-to-close-in-2025-uwm-develops-university-center-with-wctc/,UWM at Waukesha campus to close in 2025; UWM develops University Center with WCTC,UWM News Release,2024-03-11,2025-06-23T02:23:56Z
adb582c9-9bd4-41a6-9089-7e54171e45b3,https://apnews.com/c2397d8ff4120d4533bc08c16dfb15a3,Fontbonne University in Missouri to close due to budget problems and declining enrollment,AP News,2024-03-11,2025-06-23T02:23:56Z
220425c5-0889-4d21-8f4c-3c2b2d3bcc76,https://www.insidehighered.com/news/quick-takes/2024/03/05/university-antelope-valley-closes-campus-faces-shutdown,"University of Antelope Valley closes campus, faces shutdown",Inside Higher Ed,2024-03-05,2025-07-09T22:10:15Z
bc7a84b5-ee52-4e87-a723-efb464532cd8,https://www.highereddive.com/news/valparaiso-university-to-weigh-cuts-28-programs/709227/,Valparaiso University to weigh cutting 28 programs,Higher Ed Dive,2024-03-04,2025-07-09T22:18:30Z
3552a52c-998b-4784-bde1-595f70b187d5,https://news.drake.edu/2024/03/01/message-from-provost-sue-mattison/,Message from Provost Sue Mattison on Academic Program Reviews,Drake University Newsroom,2024-03-01,2025-07-09T22:14:25Z
0243d84d-5937-4e2e-ad8a-faf74c524a33,https://www.highereddive.com/news/notre-dame-college-close-failed-merger/709103/,Notre Dame College to close after spring semester,Higher Ed Dive,2024-02-29,2025-08-05T02:10:58Z
1cc69348-a842-4685-8e39-6940cacd4272,https://www.insidehighered.com/news/global/us-colleges-world/2024/02/16/how-texas-ams-qatar-campus-suddenly-collapsed,How Texas A&M's Qatar campus suddenly collapsed,Inside Higher Ed,2024-02-16,2025-07-09T21:35:59Z
adb7de3f-26b5-460b-84be-59338293705f,https://www.highereddive.com/news/marietta-college-to-cut-3-dozen-administrators-and-faculty/707303/,Marietta College to cut 3 dozen administrators and faculty,HigherEd Dive,2024-02-13,2025-07-09T21:49:08Z
0923eca2-f94b-4414-abb8-29b1b1f7c37c,https://www.insidehighered.com/news/quick-takes/2024/02/06/jamestown-business-college-close,Jamestown Business College to close,Inside Higher Ed,2024-02-06,2025-07-09T21:25:52Z
894f2b0c-6c58-4737-8d42-37b1dcddff0c,https://spectrumlocalnews.com/nc/charlotte/college-and-university/2024/02/04/uncg-drops-programs,UNC Greensboro lists programs being cut after academic review,Spectrum Local News,2024-02-04,2025-07-09T22:06:24Z
02cf8bc1-a97a-4760-9f97-840a3bd4301c,https://www.theartnewspaper.com/2024/01/25/university-new-hampshire-closes-art-museum-permanently,University of New Hampshire permanently closes its art museum amid budget cuts,The Art Newspaper,2024-01-25,2025-07-09T21:55:24Z
3da3eef7-6f69-4080-9b61-6f791f1b8079,https://www.insidehighered.com/news/quick-takes/2024/01/22/another-wisconsin-branch-campus-move-online-fall,UW Green Bay Marinette Campus to Move Online in the Fall,Inside Higher Ed,2024-01-22,2025-07-09T21:31:23Z
dbd219bf-5028-4896-acde-54193029b06e,https://www.wyomingnews.com/rocketminer/western-president-kirk-young-explains-where-rifs-occurred-reasoning-behind-decisions/article_dad6fbe4-fb28-42fe-8ebc-a79a8b7faea3.html,Western Wyoming Community College announces restructuring to meet long-term budget goals,Rocket Miner,2023-12-08,2026-01-12T00:17:29Z
1672c93f-2ade-4f8b-9b37-a850ae807736,https://www.si.com/college/2023/03/21/st-francis-brooklyn-terriers-eliminate-entire-athletics-program,St. Francis Brooklyn to Eliminate Entire Athletics Program,Sports Illustrated,2023-03-21,2025-09-02T14:06:22Z
